<?xml version="1.0" encoding="UTF-8"?>
<!DOCTYPE library SYSTEM "lib.dtd">
<!-- Edit By Lei -->
<library>
<book id="001">
<title>&lt;&lt;Faust&gt;&gt;</title>

<author>Goethe</author>

<price>40</price>
		
<publisher>people's Literature Publishing House</publisher>
<cost>30</cost>
</book>
<member>
<name>
			
<firstName>Jay</firstName>
			
<middleName>King</middleName>
			
<lastName>Smith</lastName>
		
</name>
		
<address>
			
<houseNumber>205</houseNumber>
			
<street>The 5th avenue</street>
			
<city>New York</city>
<country>Amercian</country>
		
</address>
	
</member>

<book id="002">
<title>&lt;&lt;Hamlet&gt;&gt;</title>

<author>William Shakespeare</author>

<price>39</price>
		
<publisher>people's Literature Publishing House</publisher>
<cost>30</cost>
</book>
<member>
<name>
			
<firstName>May</firstName>
			
<middleName>Snowy</middleName>
			
<lastName>White</lastName>
		
</name>
		
<address>
			
<houseNumber>46</houseNumber>
			
<street>Dadaskaya Stree</street>
			
<city>Ryazan</city>
<country>Russia</country>
		
</address>
	
</member>
<book id="003">
<title>&lt;&lt;King Lear&gt;&gt;</title>

<author>William Shakespeare</author>

<price>39</price>
		
<publisher>people's Literature Publishing House</publisher>
<cost>30</cost>
</book>
<member>
<name>
			
<firstName>Mai</firstName>
			
<middleName>Snowy</middleName>
			
<lastName>White</lastName>
		
</name>
		
<address>
			
<houseNumber>46</houseNumber>
			
<street>Dadaskaya Stree</street>
			
<city>Ryazan</city>
<country>Russia</country>
		
</address>
</member>
</library>
	




